Yen Nhi,0xA75B2d7b277919c224B198743C88EfE608BA8c1e
My My,0xd3DA58a12ec671e5e48D76A13B64be08377DdAc8
Thi Duyen,0xE869661135D518636FCFF739164D00C601cEFe0B
Kim Anh,0x120aDC9381DCEB3f22529231D98CF94cF31206F5
Lam Thuy,0xA54556BF74932D822C023A468Bac265F0EF7f1C1
Quynh Tien,0xdC74Cbf12E68d3Bc0FBA99490E742fEe8FFbe3D3
Hoai Thuong,0xe7d7eB5271352E0963fAFC4A5F1D22535AFD6e84
Thu Thao,0x220a1ace7C8AED7182d4628D1C2965d04A7214B4
Yen Thao,0xd102d899FDCeBB5C7Daed29d1b0c0686f0cC9bCB
Quynh Chau,0xFB7F447f7F8F1AD1db1558E100ab75a7c36918f8
Huyen Tran,0xC8653D4A3a191836e89e8F63D7EA5c120C62e10A
